1475160822.957	linkedin.com	linkedin.com/page4.html
1475159465.556	facebook.com	facebook.com/page48.html
1475159253.695	weather.com	weather.com/page1.html
1475159082.219	weather.com	weather.com/page47.html
1475157868.918	linkedin.com	linkedin.com/page33.html
1475156999.701	weather.com	weather.com/page7.html
1475155668.081	linkedin.com	linkedin.com/page30.html
1475155381.615	facebook.com	facebook.com/page18.html
1475154862.83	distilnetworks.com	distilnetworks.com/page49.html
1475154647.432	linkedin.com	linkedin.com/page91.html
1475153848.257	weather.com	weather.com/page28.html
1475153043.411	distilnetworks.com	distilnetworks.com/page30.html
1475152660.991	distilnetworks.com	distilnetworks.com/page62.html
1475151414.557	weather.com	weather.com/page72.html
1475150701.316	google.com	google.com/page47.html
1475150015.865	distilnetworks.com	distilnetworks.com/page34.html
1475149791.034	distilnetworks.com	distilnetworks.com/page22.html
1475149749.521	weather.com	weather.com/page93.html
1475148977.835	linkedin.com	linkedin.com/page55.html
1475147541.456	linkedin.com	linkedin.com/page8.html
1475147155.367	distilnetworks.com	distilnetworks.com/page55.html
1475146175.935	distilnetworks.com	distilnetworks.com/page42.html
1475145821.948	weather.com	weather.com/page67.html
1475145737.301	facebook.com	facebook.com/page5.html
1475144458.342	linkedin.com	linkedin.com/page63.html
1475143583.185	linkedin.com	linkedin.com/page93.html
1475143416.516	google.com	google.com/page34.html
1475142653.883	linkedin.com	linkedin.com/page95.html
1475141496.687	distilnetworks.com	distilnetworks.com/page48.html
1475140816.964	distilnetworks.com	distilnetworks.com/page57.html
1475139880.332	weather.com	weather.com/page76.html
1475138941.753	linkedin.com	linkedin.com/page16.html
1475138872.112	linkedin.com	linkedin.com/page77.html
1475138213.938	weather.com	weather.com/page39.html
1475137578.641	distilnetworks.com	distilnetworks.com/page83.html
1475137280.605	linkedin.com	linkedin.com/page37.html
1475136229.857	weather.com	weather.com/page20.html
1475135865.836	distilnetworks.com	distilnetworks.com/page41.html
1475135103.693	weather.com	weather.com/page93.html
1475134250.677	weather.com	weather.com/page78.html
1475133001.657	distilnetworks.com	distilnetworks.com/page37.html
1475132728.71	linkedin.com	linkedin.com/page3.html
1475132133.701	distilnetworks.com	distilnetworks.com/page1.html
1475131994.647	weather.com	weather.com/page48.html
1475131084.84	weather.com	weather.com/page61.html
1475129893.566	google.com	google.com/page58.html
1475128848.011	facebook.com	facebook.com/page78.html
1475128068.528	google.com	google.com/page54.html
1475127831.369	facebook.com	facebook.com/page62.html
1475127638.263	weather.com	weather.com/page2.html
